cycle,time,speed,elevation
SunLine Block 1012,0,0,66.86
SunLine Block 1012,60,0,66.86
SunLine Block 1012,120,0,66.86
SunLine Block 1012,180,0,66.86
SunLine Block 1012,240,0,66.86
SunLine Block 1012,301,0,66.86
SunLine Block 1012,361,0,66.86
SunLine Block 1012,421,0,66.86
SunLine Block 1012,481,0,66.86
SunLine Block 1012,541,0,66.71
SunLine Block 1012,601,14,66.82
SunLine Block 1012,661,7,66.6
SunLine Block 1012,721,57,66.88
SunLine Block 1012,781,37,64.94
SunLine Block 1012,841,48,65.78
SunLine Block 1012,901,99,57.28
SunLine Block 1012,961,99,52.2
SunLine Block 1012,1021,97,49.5
SunLine Block 1012,1081,98,46.49
SunLine Block 1012,1141,98,39.86
SunLine Block 1012,1201,98,31.37
SunLine Block 1012,1261,99,22.49
SunLine Block 1012,1321,98,15.77
SunLine Block 1012,1381,99,10.44
SunLine Block 1012,1441,98,1.32
SunLine Block 1012,1501,98,-2.9
SunLine Block 1012,1561,97,-5.45
SunLine Block 1012,1621,97,-10.7
SunLine Block 1012,1681,96,-13.68
SunLine Block 1012,1741,98,-18.39
SunLine Block 1012,1801,9,-21.36
SunLine Block 1012,1861,75,-20.74
SunLine Block 1012,1921,2,-17.95
SunLine Block 1012,1981,29,-18.12
SunLine Block 1012,2041,3,-20.84
SunLine Block 1012,2101,0,-20.88
SunLine Block 1012,2161,0,-20.88
SunLine Block 1012,2221,0,-20.85
SunLine Block 1012,2281,0,-20.85
SunLine Block 1012,2341,0,-20.88
SunLine Block 1012,2401,0,-20.84
SunLine Block 1012,2461,0,-20.84
SunLine Block 1012,2521,0,-20.85
SunLine Block 1012,2581,0,-20.85
SunLine Block 1012,2641,0,-20.85
SunLine Block 1012,2701,0,-20.85
SunLine Block 1012,2761,0,-20.85
SunLine Block 1012,2821,0,-20.85
SunLine Block 1012,2881,0,-20.85
SunLine Block 1012,2941,0,-20.85
SunLine Block 1012,3001,0,-20.85
SunLine Block 1012,3061,5,-20.85
SunLine Block 1012,3121,13,-20.37
SunLine Block 1012,3182,0,-19.56
SunLine Block 1012,3242,0,-18.63
SunLine Block 1012,3302,0,-17.86
SunLine Block 1012,3362,55,-17.48
SunLine Block 1012,3422,62,-15.95
SunLine Block 1012,3482,74,-14.16
SunLine Block 1012,3541,86,-11.16
SunLine Block 1012,3602,73,-8.61
SunLine Block 1012,3661,0,-8.15
SunLine Block 1012,3722,0,-8.17
SunLine Block 1012,3782,0,-6.18
SunLine Block 1012,3842,64,-5.19
SunLine Block 1012,3902,22,-4.59
SunLine Block 1012,3962,38,-3.74
SunLine Block 1012,4022,15,-2.55
SunLine Block 1012,4082,56,-1.95
SunLine Block 1012,4142,42,-1.12
SunLine Block 1012,4202,23,0
SunLine Block 1012,4262,0,1.81
SunLine Block 1012,4322,71,3.97
SunLine Block 1012,4382,0,4.97
SunLine Block 1012,4442,37,4.97
SunLine Block 1012,4501,62,4.97
SunLine Block 1012,4561,0,4.97
SunLine Block 1012,4621,68,4.97
SunLine Block 1012,4681,37,4.97
SunLine Block 1012,4742,57,4.97
SunLine Block 1012,4802,0,4.97
SunLine Block 1012,4861,22,4.97
SunLine Block 1012,4924,60,4.97
SunLine Block 1012,4984,3,21.87
SunLine Block 1012,5044,0,24.28
SunLine Block 1012,5104,38,25.09
SunLine Block 1012,5165,19,30.32
SunLine Block 1012,5225,32,32.63
SunLine Block 1012,5285,92,29.13
SunLine Block 1012,5345,75,41.97
SunLine Block 1012,5405,0,42.17
SunLine Block 1012,5465,38,42.54
SunLine Block 1012,5525,70,42.54
SunLine Block 1012,5585,0,42.54
SunLine Block 1012,5645,54,42.54
SunLine Block 1012,5705,59,66.5
SunLine Block 1012,5765,32,69.38
SunLine Block 1012,5825,57,68.62
SunLine Block 1012,5885,0,68.56
SunLine Block 1012,5945,39,71.07
SunLine Block 1012,6005,2,66.96
SunLine Block 1012,6065,43,61.05
SunLine Block 1012,6125,0,60.84
SunLine Block 1012,6185,5,60.63
SunLine Block 1012,6245,30,61.08
SunLine Block 1012,6305,0,62.83
SunLine Block 1012,6364,37,65.22
SunLine Block 1012,6424,0,62.55
SunLine Block 1012,6485,32,64.27
SunLine Block 1012,6545,25,77.39
SunLine Block 1012,6605,24,78.52
SunLine Block 1012,6665,15,78.79
SunLine Block 1012,6725,32,77.36
SunLine Block 1012,6783,72,78.58
SunLine Block 1012,6843,73,75.33
SunLine Block 1012,6904,50,78.35
SunLine Block 1012,6963,23,79.96
SunLine Block 1012,7024,65,82.28
SunLine Block 1012,7083,0,85.42
SunLine Block 1012,7144,36,85.8
SunLine Block 1012,7204,63,85.8
SunLine Block 1012,7264,6,85.8
SunLine Block 1012,7324,37,85.8
SunLine Block 1012,7384,0,85.8
SunLine Block 1012,7444,0,85.8
SunLine Block 1012,7504,6,85.8
SunLine Block 1012,7564,43,85.8
SunLine Block 1012,7624,64,85.8
SunLine Block 1012,7684,5,85.8
SunLine Block 1012,7743,0,103.35
SunLine Block 1012,7804,63,104.21
SunLine Block 1012,7864,15,106.32
SunLine Block 1012,7923,39,111.63
SunLine Block 1012,7983,23,120.23
SunLine Block 1012,8044,33,122.71
SunLine Block 1012,8104,0,129.03
SunLine Block 1012,8163,0,130.14
SunLine Block 1012,8224,58,132.27
SunLine Block 1012,8284,8,134.47
SunLine Block 1012,8344,34,133.33
SunLine Block 1012,8404,47,139.12
SunLine Block 1012,8464,0,139.49
SunLine Block 1012,8524,7,140.38
SunLine Block 1012,8584,38,139.46
SunLine Block 1012,8644,0,138.34
SunLine Block 1012,8704,19,136.83
SunLine Block 1012,8764,3,141.55
SunLine Block 1012,8824,1,141.85
SunLine Block 1012,8884,16,142.76
SunLine Block 1012,8944,0,145.67
SunLine Block 1012,9004,53,154.24
SunLine Block 1012,9064,0,161.27
SunLine Block 1012,9124,0,166.57
SunLine Block 1012,9184,20,173.71
SunLine Block 1012,9244,0,169.38
SunLine Block 1012,9304,0,169.75
SunLine Block 1012,9364,0,169.75
SunLine Block 1012,9424,0,169.75
SunLine Block 1012,9484,0,169.75
SunLine Block 1012,9544,0,169.59
SunLine Block 1012,9605,0,169.75
SunLine Block 1012,9665,0,169.75
SunLine Block 1012,9725,0,169.75
SunLine Block 1012,9785,0,169.75
SunLine Block 1012,9845,0,169.59
SunLine Block 1012,9905,0,169.38
SunLine Block 1012,9965,0,169.54
SunLine Block 1012,10025,0,169.38
SunLine Block 1012,10084,0,169.54
SunLine Block 1012,10145,0,169.59
SunLine Block 1012,10205,34,163.36
SunLine Block 1012,10265,47,154.23
SunLine Block 1012,10325,0,147.54
SunLine Block 1012,10385,42,147.54
SunLine Block 1012,10445,14,147.54
SunLine Block 1012,10505,24,147.54
SunLine Block 1012,10565,38,147.54
SunLine Block 1012,10625,45,147.54
SunLine Block 1012,10685,0,147.54
SunLine Block 1012,10747,15,141.62
SunLine Block 1012,10807,25,141.61
SunLine Block 1012,10867,0,139.18
SunLine Block 1012,10923,66,135.53
SunLine Block 1012,10984,18,133.97
SunLine Block 1012,11046,59,132.36
SunLine Block 1012,11107,0,129.39
SunLine Block 1012,11167,31,129.11
SunLine Block 1012,11227,36,124.94
SunLine Block 1012,11285,44,121.56
SunLine Block 1012,11345,67,120.2
SunLine Block 1012,11405,73,106.71
SunLine Block 1012,11465,0,106.72
SunLine Block 1012,11525,54,101.58
SunLine Block 1012,11585,11,100.27
SunLine Block 1012,11645,71,100.67
SunLine Block 1012,11705,40,100.32
SunLine Block 1012,11765,16,97.72
SunLine Block 1012,11825,0,102.27
SunLine Block 1012,11885,0,102.96
SunLine Block 1012,11945,0,102.55
SunLine Block 1012,12005,1,98.08
SunLine Block 1012,12065,63,93.45
SunLine Block 1012,12125,57,87.66
SunLine Block 1012,12185,3,85.73
SunLine Block 1012,12245,71,85.73
SunLine Block 1012,12305,38,85.73
SunLine Block 1012,12365,68,85.73
SunLine Block 1012,12425,45,85.73
SunLine Block 1012,12477,42,85.73
SunLine Block 1012,12545,58,85.73
SunLine Block 1012,12604,33,85.73
SunLine Block 1012,12664,10,85.73
SunLine Block 1012,12728,13,85.73
SunLine Block 1012,12788,15,85.73
SunLine Block 1012,12848,0,66.85
SunLine Block 1012,12908,0,65.64
SunLine Block 1012,12968,0,65.2
SunLine Block 1012,13026,0,65.2
SunLine Block 1012,13087,0,65.2
SunLine Block 1012,13148,0,65.2
SunLine Block 1012,13208,55,62.33
SunLine Block 1012,13268,54,60.65
SunLine Block 1012,13328,3,60.74
SunLine Block 1012,13388,46,61.04
SunLine Block 1012,13448,41,65.91
SunLine Block 1012,13508,13,69.7
SunLine Block 1012,13566,56,71.35
SunLine Block 1012,13626,0,69.59
SunLine Block 1012,13686,42,69.18
SunLine Block 1012,13746,0,69.9
SunLine Block 1012,13806,0,70.1
SunLine Block 1012,13866,74,67.96
SunLine Block 1012,13926,76,59.08
SunLine Block 1012,13986,51,55.38
SunLine Block 1012,14046,7,48.48
SunLine Block 1012,14106,45,42.74
SunLine Block 1012,14166,45,41.41
SunLine Block 1012,14226,84,30.37
SunLine Block 1012,14286,72,24.41
SunLine Block 1012,14346,32,29.64
SunLine Block 1012,14405,25,29.64
SunLine Block 1012,14465,49,29.64
SunLine Block 1012,14525,34,29.64
SunLine Block 1012,14585,0,29.64
SunLine Block 1012,14645,0,29.64
SunLine Block 1012,14707,0,29.64
SunLine Block 1012,14767,0,29.64
SunLine Block 1012,14828,18,18.99
SunLine Block 1012,14888,0,18.63
SunLine Block 1012,14948,68,17.24
SunLine Block 1012,15006,52,10.69
SunLine Block 1012,15066,42,8.89
SunLine Block 1012,15126,0,6.77
SunLine Block 1012,15186,0,5.68
SunLine Block 1012,15246,10,3.87
SunLine Block 1012,15306,0,2.3
SunLine Block 1012,15366,34,2.3
SunLine Block 1012,15426,22,2.3
SunLine Block 1012,15486,0,2.3
SunLine Block 1012,15546,0,2.3
SunLine Block 1012,15606,28,2.3
SunLine Block 1012,15666,47,2.3
SunLine Block 1012,15725,0,2.3
SunLine Block 1012,15786,26,2.3
SunLine Block 1012,15846,15,2.3
SunLine Block 1012,15905,71,2.3
SunLine Block 1012,15965,3,2.3
SunLine Block 1012,16026,37,2.3
SunLine Block 1012,16089,22,-16.84
SunLine Block 1012,16149,37,-17.79
SunLine Block 1012,16209,72,-19.12
SunLine Block 1012,16269,36,-19.82
SunLine Block 1012,16329,0,-20.55
SunLine Block 1012,16389,21,-20.44
SunLine Block 1012,16449,0,-20.84
SunLine Block 1012,16509,0,-20.88
SunLine Block 1012,16569,0,-20.84
SunLine Block 1012,16629,0,-20.81
SunLine Block 1012,16689,0,-20.74
SunLine Block 1012,16749,0,-20.78
SunLine Block 1012,16809,0,-20.89
SunLine Block 1012,16869,0,-20.95
SunLine Block 1012,16929,0,-20.88
SunLine Block 1012,16989,0,-20.89
SunLine Block 1012,17049,0,-20.93
SunLine Block 1012,17110,0,-20.87
SunLine Block 1012,17170,0,-20.85
SunLine Block 1012,17230,0,-20.85
SunLine Block 1012,17288,0,-20.85
SunLine Block 1012,17348,0,-20.85
SunLine Block 1012,17408,0,-20.85
SunLine Block 1012,17468,37,-20.55
SunLine Block 1012,17528,8,-19.6
SunLine Block 1012,17588,63,-18.4
SunLine Block 1012,17648,14,-17.74
SunLine Block 1012,17708,0,-17.04
SunLine Block 1012,17768,82,-14.64
SunLine Block 1012,17828,81,-11.14
SunLine Block 1012,17888,73,-8.45
SunLine Block 1012,17948,26,-8.17
SunLine Block 1012,18008,0,-6.59
SunLine Block 1012,18068,0,-6.21
SunLine Block 1012,18128,0,-6.21
SunLine Block 1012,18188,0,-6.21
SunLine Block 1012,18248,33,-6.16
SunLine Block 1012,18308,18,-4.22
SunLine Block 1012,18368,0,-4
SunLine Block 1012,18428,31,-3.35
SunLine Block 1012,18488,41,-2.35
SunLine Block 1012,18548,59,-0.62
SunLine Block 1012,18608,44,0
SunLine Block 1012,18668,0,1.7
SunLine Block 1012,18728,0,1.82
SunLine Block 1012,18788,0,1.82
SunLine Block 1012,18848,70,1.82
SunLine Block 1012,18908,70,1.82
SunLine Block 1012,18968,13,1.82
SunLine Block 1012,19028,67,1.82
SunLine Block 1012,19088,44,1.82
SunLine Block 1012,19148,0,1.82
SunLine Block 1012,19207,0,1.82
SunLine Block 1012,19271,54,1.82
SunLine Block 1012,19331,0,1.82
SunLine Block 1012,19391,0,22.83
SunLine Block 1012,19451,30,24.6
SunLine Block 1012,19509,0,24.03
SunLine Block 1012,19569,12,23.9
SunLine Block 1012,19629,0,22.23
SunLine Block 1012,19689,57,21.99
SunLine Block 1012,19749,0,22.9
SunLine Block 1012,19809,10,25.08
SunLine Block 1012,19869,15,26.42
SunLine Block 1012,19929,46,32.76
SunLine Block 1012,19989,86,29.84
SunLine Block 1012,20049,70,42
SunLine Block 1012,20109,4,41.85
SunLine Block 1012,20169,2,46.95
SunLine Block 1012,20229,0,46.95
SunLine Block 1012,20289,71,46.95
SunLine Block 1012,20349,0,46.95
SunLine Block 1012,20409,0,46.95
SunLine Block 1012,20469,38,46.95
SunLine Block 1012,20531,61,46.95
SunLine Block 1012,20591,34,69.09
SunLine Block 1012,20651,61,68.52
SunLine Block 1012,20711,9,69.19
SunLine Block 1012,20771,1,70.9
SunLine Block 1012,20831,0,66.94
SunLine Block 1012,20892,19,60.84
SunLine Block 1012,20952,0,60.64
SunLine Block 1012,21011,38,60.54
SunLine Block 1012,21072,0,60.81
SunLine Block 1012,21132,0,63.26
SunLine Block 1012,21192,0,63.46
SunLine Block 1012,21252,58,62.19
SunLine Block 1012,21312,0,64.2
SunLine Block 1012,21372,0,66.23
SunLine Block 1012,21432,33,73.66
SunLine Block 1012,21492,44,77.67
SunLine Block 1012,21552,0,78.43
SunLine Block 1012,21612,59,76.73
SunLine Block 1012,21672,44,67.83
SunLine Block 1012,21732,2,77
SunLine Block 1012,21790,0,78.51
SunLine Block 1012,21850,77,79.8
SunLine Block 1012,21910,45,85.06
SunLine Block 1012,21970,48,85.06
SunLine Block 1012,22030,68,85.06
SunLine Block 1012,22090,10,85.06
SunLine Block 1012,22150,0,85.06
SunLine Block 1012,22210,12,85.06
SunLine Block 1012,22270,11,85.06
SunLine Block 1012,22330,10,85.06
SunLine Block 1012,22390,0,85.06
SunLine Block 1012,22450,9,85.06
SunLine Block 1012,22511,38,98.27
SunLine Block 1012,22571,0,99.75
SunLine Block 1012,22631,0,100.14
SunLine Block 1012,22691,56,100.14
SunLine Block 1012,22751,21,106.05
SunLine Block 1012,22811,32,106.67
SunLine Block 1012,22871,60,107.64
SunLine Block 1012,22931,35,120.09
SunLine Block 1012,22990,52,120.34
SunLine Block 1012,23051,61,125.93
SunLine Block 1012,23111,0,129.17
SunLine Block 1012,23171,53,130.04
SunLine Block 1012,23231,2,132.37
SunLine Block 1012,23291,52,132.72
SunLine Block 1012,23351,0,133.63
SunLine Block 1012,23411,55,139.74
SunLine Block 1012,23471,0,138.21
SunLine Block 1012,23531,3,138.78
SunLine Block 1012,23591,2,139.55
SunLine Block 1012,23651,0,140.31
SunLine Block 1012,23711,37,139.82
SunLine Block 1012,23771,18,135.04
SunLine Block 1012,23831,18,136.77
SunLine Block 1012,23891,0,138.65
SunLine Block 1012,23951,43,140.34
SunLine Block 1012,24012,43,142.25
SunLine Block 1012,24071,13,144.53
SunLine Block 1012,24131,40,151.86
SunLine Block 1012,24192,3,156.09
SunLine Block 1012,24252,4,156.09
SunLine Block 1012,24312,4,156.09
SunLine Block 1012,24372,0,156.09
SunLine Block 1012,24432,0,156.09
SunLine Block 1012,24492,0,156.09
SunLine Block 1012,24551,0,156.09
SunLine Block 1012,24611,0,156.09
SunLine Block 1012,24671,0,156.09
SunLine Block 1012,24732,0,156.09
SunLine Block 1012,24791,0,156.09
SunLine Block 1012,24851,0,156.09
SunLine Block 1012,24914,0,169.54
SunLine Block 1012,24974,0,169.34
SunLine Block 1012,25034,0,169.54
SunLine Block 1012,25094,0,169.75
SunLine Block 1012,25154,0,169.59
SunLine Block 1012,25214,0,169.59
SunLine Block 1012,25274,0,169.59
SunLine Block 1012,25334,0,169.59
SunLine Block 1012,25394,0,169.59
SunLine Block 1012,25454,0,169.75
SunLine Block 1012,25514,0,169.54
SunLine Block 1012,25575,0,169.54
SunLine Block 1012,25635,0,169.59
SunLine Block 1012,25695,0,169.59
SunLine Block 1012,25755,0,169.59
SunLine Block 1012,25815,52,159.57
SunLine Block 1012,25875,34,148.13
SunLine Block 1012,25935,30,143.36
SunLine Block 1012,25995,7,141.52
SunLine Block 1012,26055,0,141.21
SunLine Block 1012,26115,3,141.21
SunLine Block 1012,26175,0,141.21
SunLine Block 1012,26235,0,141.21
SunLine Block 1012,26295,0,141.21
SunLine Block 1012,26355,0,141.21
SunLine Block 1012,26415,31,141.21
SunLine Block 1012,26475,0,141.21
SunLine Block 1012,26535,0,141.21
SunLine Block 1012,26592,63,141.21
SunLine Block 1012,26652,0,141.21
SunLine Block 1012,26712,8,141.21
SunLine Block 1012,26772,64,141.21
SunLine Block 1012,26832,61,141.21
SunLine Block 1012,26892,8,141.21
SunLine Block 1012,26953,0,141.21
SunLine Block 1012,27013,52,141.21
SunLine Block 1012,27072,48,141.21
SunLine Block 1012,27132,69,141.21
SunLine Block 1012,27193,66,141.21
SunLine Block 1012,27253,41,101.5
SunLine Block 1012,27313,0,100.48
SunLine Block 1012,27373,0,100.4
SunLine Block 1012,27433,66,97.71
SunLine Block 1012,27493,10,100.73
SunLine Block 1012,27553,44,100
SunLine Block 1012,27613,12,101.9
SunLine Block 1012,27672,0,102.27
SunLine Block 1012,27733,0,98.92
SunLine Block 1012,27793,0,97.48
SunLine Block 1012,27853,60,91.47
SunLine Block 1012,27913,48,87.85
SunLine Block 1012,27973,0,85.73
SunLine Block 1012,28033,66,85.83
SunLine Block 1012,28093,67,85.54
SunLine Block 1012,28153,48,85.54
SunLine Block 1012,28213,70,85.54
SunLine Block 1012,28273,66,85.54
SunLine Block 1012,28333,61,85.54
SunLine Block 1012,28393,1,85.54
SunLine Block 1012,28452,63,85.54
SunLine Block 1012,28515,3,85.54
SunLine Block 1012,28576,20,85.54
SunLine Block 1012,28636,0,63.27
SunLine Block 1012,28696,0,67.62
SunLine Block 1012,28756,0,64.75
SunLine Block 1012,28816,0,65
SunLine Block 1012,28876,0,64.75
SunLine Block 1012,28936,0,65
SunLine Block 1012,28996,0,64.75
SunLine Block 1012,29056,0,64.21
SunLine Block 1012,29116,39,61.15
SunLine Block 1012,29176,9,60.7
SunLine Block 1012,29236,0,60.84
SunLine Block 1012,29294,31,60.95
SunLine Block 1012,29354,0,63.26
SunLine Block 1012,29414,0,69.98
SunLine Block 1012,29474,35,71.63
SunLine Block 1012,29534,72,70.4
SunLine Block 1012,29594,30,69.59
SunLine Block 1012,29654,0,69.62
SunLine Block 1012,29715,0,70
SunLine Block 1012,29775,47,66.8
SunLine Block 1012,29835,37,63.4
SunLine Block 1012,29895,72,55.46
SunLine Block 1012,29955,19,49.62
SunLine Block 1012,30015,61,42.64
SunLine Block 1012,30074,2,41.36
SunLine Block 1012,30135,61,41.44
SunLine Block 1012,30195,73,41.44
SunLine Block 1012,30255,31,41.44
SunLine Block 1012,30315,43,41.44
SunLine Block 1012,30375,35,41.44
SunLine Block 1012,30434,0,41.44
SunLine Block 1012,30493,0,41.44
SunLine Block 1012,30554,8,41.44
SunLine Block 1012,30614,16,41.44
SunLine Block 1012,30674,0,41.44
SunLine Block 1012,30734,0,41.44
SunLine Block 1012,30794,0,41.44
SunLine Block 1012,30855,47,23.93
SunLine Block 1012,30914,18,23.22
SunLine Block 1012,30975,8,23.03
SunLine Block 1012,31035,5,21.74
SunLine Block 1012,31095,44,18.66
SunLine Block 1012,31155,15,18.01
SunLine Block 1012,31215,65,17.42
SunLine Block 1012,31275,38,12.35
SunLine Block 1012,31335,0,8.9
SunLine Block 1012,31395,0,6.79
SunLine Block 1012,31455,47,6.19
SunLine Block 1012,31515,59,4.43
SunLine Block 1012,31574,2,3.66
SunLine Block 1012,31635,0,3.69
SunLine Block 1012,31695,38,1.77
SunLine Block 1012,31754,25,-0.02
SunLine Block 1012,31815,15,-1.49
SunLine Block 1012,31875,56,-1.81
SunLine Block 1012,31935,0,-1.81
SunLine Block 1012,31994,59,-1.81
SunLine Block 1012,32054,0,-1.81
SunLine Block 1012,32114,0,-1.81
SunLine Block 1012,32175,18,-1.81
SunLine Block 1012,32235,0,-1.81
SunLine Block 1012,32295,70,-1.81
SunLine Block 1012,32355,11,-1.81
SunLine Block 1012,32415,64,-1.81
SunLine Block 1012,32475,80,-1.81
SunLine Block 1012,32535,49,-1.81
SunLine Block 1012,32595,3,-1.81
SunLine Block 1012,32655,28,-1.81
SunLine Block 1012,32715,37,-1.81
SunLine Block 1012,32775,22,-1.81
SunLine Block 1012,32835,21,-1.81
SunLine Block 1012,32895,0,-1.81
SunLine Block 1012,32954,0,-1.81
SunLine Block 1012,33014,36,-1.81
SunLine Block 1012,33076,9,-1.81
SunLine Block 1012,33136,2,-1.81
SunLine Block 1012,33195,0,-1.81
SunLine Block 1012,33255,0,-1.81
SunLine Block 1012,33316,0,-1.81
SunLine Block 1012,33376,0,-1.81
SunLine Block 1012,33436,0,-20.82
SunLine Block 1012,33496,0,-20.84
SunLine Block 1012,33556,0,-20.84
SunLine Block 1012,33616,0,-20.84
SunLine Block 1012,33676,0,-20.84
SunLine Block 1012,33736,0,-20.86
SunLine Block 1012,33796,0,-20.85
SunLine Block 1012,33856,0,-20.84
SunLine Block 1012,33916,0,-20.84
SunLine Block 1012,33976,0,-20.83
SunLine Block 1012,34036,0,-20.84
SunLine Block 1012,34096,0,-20.84
SunLine Block 1012,34156,0,-20.84
SunLine Block 1012,34216,15,-20.52
SunLine Block 1012,34276,7,-19.8
SunLine Block 1012,34336,14,-18.98
SunLine Block 1012,34396,6,-18.66
SunLine Block 1012,34456,59,-16.69
SunLine Block 1012,34516,69,-13.79
SunLine Block 1012,34576,63,-11.07
SunLine Block 1012,34636,67,-8.44
SunLine Block 1012,34696,34,-8.05
SunLine Block 1012,34756,0,-6.19
SunLine Block 1012,34816,0,-6.16
SunLine Block 1012,34876,0,-6.21
SunLine Block 1012,34937,0,-6.19
SunLine Block 1012,34997,0,-6.19
SunLine Block 1012,35057,46,-5.9
SunLine Block 1012,35116,0,-3.97
SunLine Block 1012,35177,0,-2.52
SunLine Block 1012,35237,24,-1.53
SunLine Block 1012,35297,2,-0.45
SunLine Block 1012,35357,0,0
SunLine Block 1012,35417,27,0
SunLine Block 1012,35477,45,0
SunLine Block 1012,35537,48,0
SunLine Block 1012,35597,28,5.04
SunLine Block 1012,35657,57,6.77
SunLine Block 1012,35717,0,9.43
SunLine Block 1012,35777,4,11.37
SunLine Block 1012,35837,0,12.89
SunLine Block 1012,35897,24,17.23
SunLine Block 1012,35957,20,17.23
SunLine Block 1012,36017,53,18.83
SunLine Block 1012,36077,0,18.83
SunLine Block 1012,36137,38,20.63
SunLine Block 1012,36197,0,23.33
SunLine Block 1012,36257,53,22.2
SunLine Block 1012,36317,0,22.2
SunLine Block 1012,36377,0,22.2
SunLine Block 1012,36437,0,22.2
SunLine Block 1012,36498,0,22.2
SunLine Block 1012,36558,0,22.2
SunLine Block 1012,36618,51,22.2
SunLine Block 1012,36678,0,22.46
SunLine Block 1012,36738,0,22.46
SunLine Block 1012,36798,0,22.46
SunLine Block 1012,36857,63,29.14
SunLine Block 1012,36917,69,29.14
SunLine Block 1012,36978,47,29.14
SunLine Block 1012,37038,32,41.72
SunLine Block 1012,37098,60,48.38
SunLine Block 1012,37158,62,54.37
SunLine Block 1012,37218,55,62.22
SunLine Block 1012,37278,0,65.78
SunLine Block 1012,37338,49,67.02
SunLine Block 1012,37398,47,67.02
SunLine Block 1012,37458,23,67.02
SunLine Block 1012,37518,7,67.02
SunLine Block 1012,37578,22,67.02
SunLine Block 1012,37637,25,67.02
SunLine Block 1012,37697,0,67.02
SunLine Block 1012,37757,14,67.02
SunLine Block 1012,37818,0,67.02
SunLine Block 1012,37878,0,67.02
SunLine Block 1012,37938,14,67.02
SunLine Block 1012,37998,0,60.81
SunLine Block 1012,38058,0,60.81
SunLine Block 1012,38118,0,60.81
SunLine Block 1012,38177,0,60.81
SunLine Block 1012,38237,0,60.81
SunLine Block 1012,38299,0,60.81
SunLine Block 1012,38359,36,63.36
SunLine Block 1012,38419,50,63.36
SunLine Block 1012,38478,0,63.36
SunLine Block 1012,38538,0,63.36
SunLine Block 1012,38598,50,63.36
SunLine Block 1012,38657,47,63.36
SunLine Block 1012,38717,42,63.36
SunLine Block 1012,38777,56,63.36
SunLine Block 1012,38839,58,75.31
SunLine Block 1012,38899,37,75.31
SunLine Block 1012,38959,44,75.31
SunLine Block 1012,39019,58,75.31
SunLine Block 1012,39079,0,75.31
SunLine Block 1012,39139,57,75.31
SunLine Block 1012,39199,1,97.02
SunLine Block 1012,39259,0,97.02
SunLine Block 1012,39319,11,103.22
SunLine Block 1012,39379,0,103.22
SunLine Block 1012,39439,0,103.49
SunLine Block 1012,39499,0,103.67
SunLine Block 1012,39559,0,103.49
SunLine Block 1012,39620,0,98.54
SunLine Block 1012,39680,5,98.54
SunLine Block 1012,39740,19,99.1
SunLine Block 1012,39800,51,96.89
SunLine Block 1012,39860,39,97.35
SunLine Block 1012,39920,0,100.21
SunLine Block 1012,39980,0,100.21
SunLine Block 1012,40040,40,100.21
SunLine Block 1012,40099,56,100.4
SunLine Block 1012,40160,40,107.05
SunLine Block 1012,40220,11,106.36
SunLine Block 1012,40279,22,106.32
SunLine Block 1012,40340,58,120.85
SunLine Block 1012,40400,0,120.49
SunLine Block 1012,40458,0,122.29
SunLine Block 1012,40519,44,125.93
SunLine Block 1012,40579,47,130.16
SunLine Block 1012,40640,11,132.57
SunLine Block 1012,40700,19,134.7
SunLine Block 1012,40760,41,134
SunLine Block 1012,40820,7,138.99
SunLine Block 1012,40880,28,140.61
SunLine Block 1012,40939,2,140.05
SunLine Block 1012,41000,0,138.75
SunLine Block 1012,41060,0,138.34
SunLine Block 1012,41120,33,135.47
SunLine Block 1012,41180,0,135.79
SunLine Block 1012,41240,14,136.82
SunLine Block 1012,41300,29,140.61
SunLine Block 1012,41359,24,141.98
SunLine Block 1012,41420,0,142.66
SunLine Block 1012,41480,0,143.01
SunLine Block 1012,41540,2,144.42
SunLine Block 1012,41600,43,152.6
SunLine Block 1012,41660,9,158.64
SunLine Block 1012,41720,0,161.14
SunLine Block 1012,41780,0,161.52
SunLine Block 1012,41841,0,161.52
SunLine Block 1012,41901,0,161.52
SunLine Block 1012,41961,0,161.47
SunLine Block 1012,42021,0,161.47
SunLine Block 1012,42080,0,161.36
SunLine Block 1012,42141,0,161.36
SunLine Block 1012,42201,0,161.36
SunLine Block 1012,42261,0,161.36
SunLine Block 1012,42321,0,161.36
SunLine Block 1012,42381,0,161.52
SunLine Block 1012,42441,0,161.36
SunLine Block 1012,42501,0,161.61
SunLine Block 1012,42561,51,162.98
SunLine Block 1012,42621,3,172.69
SunLine Block 1012,42681,0,175.07
SunLine Block 1012,42741,40,171.1
SunLine Block 1012,42801,44,163.16
SunLine Block 1012,42861,37,152.01
SunLine Block 1012,42921,2,146.59
SunLine Block 1012,42981,38,144.02
SunLine Block 1012,43041,18,138.23
SunLine Block 1012,43101,23,137.08
SunLine Block 1012,43162,0,137.63
SunLine Block 1012,43222,0,138.67
SunLine Block 1012,43282,24,138.67
SunLine Block 1012,43341,48,138.67
SunLine Block 1012,43400,12,138.67
SunLine Block 1012,43460,16,138.67
SunLine Block 1012,43520,42,138.67
SunLine Block 1012,43580,57,138.67
SunLine Block 1012,43644,0,129.65
SunLine Block 1012,43704,54,126.36
SunLine Block 1012,43763,54,121.29
SunLine Block 1012,43823,68,116.54
SunLine Block 1012,43883,50,107.49
SunLine Block 1012,43944,63,104.31
SunLine Block 1012,44004,53,100.78
SunLine Block 1012,44064,54,97.24
SunLine Block 1012,44124,25,99.42
SunLine Block 1012,44184,11,97.38
SunLine Block 1012,44244,0,102.55
SunLine Block 1012,44302,0,102.7
SunLine Block 1012,44362,7,103.43
SunLine Block 1012,44422,32,97.7
SunLine Block 1012,44482,48,91.07
SunLine Block 1012,44542,53,87.33
SunLine Block 1012,44603,0,85.98
SunLine Block 1012,44663,52,85.96
SunLine Block 1012,44722,53,85.09
SunLine Block 1012,44782,43,85.09
SunLine Block 1012,44842,55,85.09
SunLine Block 1012,44902,50,85.09
SunLine Block 1012,44962,47,85.09
SunLine Block 1012,45022,43,85.09
SunLine Block 1012,45082,34,85.09
SunLine Block 1012,45142,37,85.09
SunLine Block 1012,45202,47,85.09
SunLine Block 1012,45262,0,85.09
SunLine Block 1012,45322,32,85.09
SunLine Block 1012,45382,0,85.09
SunLine Block 1012,45445,0,85.09
SunLine Block 1012,45505,0,65
SunLine Block 1012,45565,0,64.62
SunLine Block 1012,45625,46,64.62
SunLine Block 1012,45685,5,60.84
SunLine Block 1012,45745,11,60.84
SunLine Block 1012,45803,0,64.48
SunLine Block 1012,45863,41,66.74
SunLine Block 1012,45923,26,71.93
SunLine Block 1012,45983,59,71.46
SunLine Block 1012,46043,0,69.52
SunLine Block 1012,46103,30,69.35
SunLine Block 1012,46164,6,69.62
SunLine Block 1012,46223,0,69.9
SunLine Block 1012,46284,54,69.53
SunLine Block 1012,46344,10,65.99
SunLine Block 1012,46404,29,64.64
SunLine Block 1012,46464,73,56.87
SunLine Block 1012,46524,76,48.74
SunLine Block 1012,46583,0,41.85
SunLine Block 1012,46644,59,42.01
SunLine Block 1012,46704,64,35.7
SunLine Block 1012,46764,57,30.4
SunLine Block 1012,46823,0,30.4
SunLine Block 1012,46883,2,30.4
SunLine Block 1012,46942,0,30.4
SunLine Block 1012,47002,3,30.4
SunLine Block 1012,47063,0,30.4
SunLine Block 1012,47123,0,30.4
SunLine Block 1012,47183,64,30.4
SunLine Block 1012,47246,1,23.56
SunLine Block 1012,47304,60,18.38
SunLine Block 1012,47364,32,13.5
SunLine Block 1012,47424,64,11.8
SunLine Block 1012,47484,21,9.3
SunLine Block 1012,47544,6,6.79
SunLine Block 1012,47604,0,4.09
SunLine Block 1012,47664,54,3.97
SunLine Block 1012,47724,10,1.4
SunLine Block 1012,47784,44,-0.11
SunLine Block 1012,47844,0,-1.76
SunLine Block 1012,47904,0,-2.89
SunLine Block 1012,47964,24,-4.23
SunLine Block 1012,48025,42,-4.52
SunLine Block 1012,48085,0,-8.01
SunLine Block 1012,48145,34,-8.45
SunLine Block 1012,48205,89,-10.17
SunLine Block 1012,48265,78,-13.37
SunLine Block 1012,48325,67,-15.91
SunLine Block 1012,48385,46,-17.61
SunLine Block 1012,48445,71,-18.82
SunLine Block 1012,48505,54,-20.01
SunLine Block 1012,48565,8,-20.52
SunLine Block 1012,48625,0,-20.83
SunLine Block 1012,48685,0,-20.86
SunLine Block 1012,48745,0,-20.83
SunLine Block 1012,48805,26,-20.86
SunLine Block 1012,48865,49,-20.27
SunLine Block 1012,48925,0,-16.65
SunLine Block 1012,48985,83,-14.16
SunLine Block 1012,49045,84,-10.49
SunLine Block 1012,49105,46,-8.46
SunLine Block 1012,49165,77,-4.41
SunLine Block 1012,49225,87,-0.74
SunLine Block 1012,49285,88,3.58
SunLine Block 1012,49345,85,8.99
SunLine Block 1012,49405,47,12.94
SunLine Block 1012,49465,36,15.87
SunLine Block 1012,49525,84,17.25
SunLine Block 1012,49585,96,25.61
SunLine Block 1012,49645,97,33.6
SunLine Block 1012,49705,98,35.13
SunLine Block 1012,49765,98,35.13
SunLine Block 1012,49825,98,35.13
SunLine Block 1012,49885,97,35.13
SunLine Block 1012,49944,97,35.13
SunLine Block 1012,50004,25,35.13
SunLine Block 1012,50064,32,35.13
SunLine Block 1012,50124,30,35.13
SunLine Block 1012,50185,9,35.13
SunLine Block 1012,50244,7,35.13
SunLine Block 1012,50304,0,35.13
SunLine Block 1012,50366,11,35.13
SunLine Block 1012,50426,0,35.13
SunLine Block 1012,50484,0,35.13
